id,name,username,password
2f117119-5cf7-42d2-884a-63653f2dd5b8,Bruce Lee,bruce-lee,$2b$10$wqYMQBu3rgLPS6CVhEOxTeXoN6LeAMg8alFj1NOjiwZhUjFV4/VBO
e84d89b1-4557-4a72-aaf7-90edea52a192,Eminem,eminem,$2b$10$wqYMQBu3rgLPS6CVhEOxTeXoN6LeAMg8alFj1NOjiwZhUjFV4/VBO
ae0dc866-b246-40b1-bef0-62bef6a65bde,Hugh Laurie,hugh-laurie,$2b$10$wqYMQBu3rgLPS6CVhEOxTeXoN6LeAMg8alFj1NOjiwZhUjFV4/VBO
428dacd2-4581-43be-ae25-33c452b2a585,Johnny Depp,johnny-depp,$2b$10$wqYMQBu3rgLPS6CVhEOxTeXoN6LeAMg8alFj1NOjiwZhUjFV4/VBO
a1c4330a-5f59-4271-ba4f-07b23f05b7e7,Jennifer Aniston,jennifer-aniston,$2b$10$wqYMQBu3rgLPS6CVhEOxTeXoN6LeAMg8alFj1NOjiwZhUjFV4/VBO
a6b57d2a-8f86-4697-987b-bd7a7e758b42,Scarlett Johansson,scarlett-johansson,$2b$10$wqYMQBu3rgLPS6CVhEOxTeXoN6LeAMg8alFj1NOjiwZhUjFV4/VBO
0074d48d-6a07-4060-b981-4b7cef5a35aa,Kate Moss,kate-moss,$2b$10$wqYMQBu3rgLPS6CVhEOxTeXoN6LeAMg8alFj1NOjiwZhUjFV4/VBO
c396a93c-e78b-48a8-8e21-8c59dafd0aa4,Keith Richards,keith-richards,$2b$10$wqYMQBu3rgLPS6CVhEOxTeXoN6LeAMg8alFj1NOjiwZhUjFV4/VBO
cfc12ee8-af94-4424-b177-ecf54080abfa,Bob Marley,bob-marley,$2b$10$wqYMQBu3rgLPS6CVhEOxTeXoN6LeAMg8alFj1NOjiwZhUjFV4/VBO
71403f8e-4407-40e0-9976-89c5314648a9,Bouddha,bouddha,$2b$10$wqYMQBu3rgLPS6CVhEOxTeXoN6LeAMg8alFj1NOjiwZhUjFV4/VBO
1ca86d2b-7eff-4184-b2b0-46f636613639,Stephen King,stephen-king,$2b$10$wqYMQBu3rgLPS6CVhEOxTeXoN6LeAMg8alFj1NOjiwZhUjFV4/VBO
6034b6b6-0222-4e8c-a236-2a6e5ca84a8e,Plato,plato,$2b$10$wqYMQBu3rgLPS6CVhEOxTeXoN6LeAMg8alFj1NOjiwZhUjFV4/VBO
8f8a2ffb-3f5c-4e13-b774-a66cd3affaa7,Socrate,socrate,$2b$10$wqYMQBu3rgLPS6CVhEOxTeXoN6LeAMg8alFj1NOjiwZhUjFV4/VBO
45539a7d-5753-40a7-9ff3-738ae413aa73,Leonardo da Vinci,leonardo-da-vinci,$2b$10$wqYMQBu3rgLPS6CVhEOxTeXoN6LeAMg8alFj1NOjiwZhUjFV4/VBO
a246aad3-8fc4-44e7-9e18-cbb04da23fb8,Marie Curie,marie-curie,$2b$10$wqYMQBu3rgLPS6CVhEOxTeXoN6LeAMg8alFj1NOjiwZhUjFV4/VBO
3a40ea67-0ec1-430b-8788-2a89c463c533,Martin Luther King Jr,martin-luther-king-jr,$2b$10$wqYMQBu3rgLPS6CVhEOxTeXoN6LeAMg8alFj1NOjiwZhUjFV4/VBO
27e0ee7e-388c-4a1b-b784-bc8345379830,Cleopatra,cleopatra,$2b$10$wqYMQBu3rgLPS6CVhEOxTeXoN6LeAMg8alFj1NOjiwZhUjFV4/VBO
463c6503-ceb6-438b-8d40-93ec00932094,Albert Einstein,albert-einstein,$2b$10$wqYMQBu3rgLPS6CVhEOxTeXoN6LeAMg8alFj1NOjiwZhUjFV4/VBO
1a3fa15b-f416-4fe5-a181-c98a2ceb053a,Ada Lovelace,ada-lovelace,$2b$10$wqYMQBu3rgLPS6CVhEOxTeXoN6LeAMg8alFj1NOjiwZhUjFV4/VBO
d8101a24-cdec-4ed6-b640-5be827715f23,Mozart,mozart,$2b$10$wqYMQBu3rgLPS6CVhEOxTeXoN6LeAMg8alFj1NOjiwZhUjFV4/VBO
91a4e3c6-7a13-44f4-9693-eedc18f313f6,Malala Yousafzai,malala-yousafzai,$2b$10$wqYMQBu3rgLPS6CVhEOxTeXoN6LeAMg8alFj1NOjiwZhUjFV4/VBO
512dbb56-dc65-4e3a-ae37-1be70805f725,Vincent van Gogh,vincent-van-gogh,$2b$10$wqYMQBu3rgLPS6CVhEOxTeXoN6LeAMg8alFj1NOjiwZhUjFV4/VBO
16aeb85b-b1f2-4606-8730-e7e477dc5442,Rosa Parks,rosa-parks,$2b$10$wqYMQBu3rgLPS6CVhEOxTeXoN6LeAMg8alFj1NOjiwZhUjFV4/VBO
76bf5ff1-9819-4432-9a7d-ae651c45b6f5,William Shakespeare,william-shakespeare,$2b$10$wqYMQBu3rgLPS6CVhEOxTeXoN6LeAMg8alFj1NOjiwZhUjFV4/VBO
9d1e3c26-84f5-44ce-9481-b696d4395c08,Frida Kahlo,frida-kahlo,$2b$10$wqYMQBu3rgLPS6CVhEOxTeXoN6LeAMg8alFj1NOjiwZhUjFV4/VBO
cc113202-ebbd-4cf6-81f5-4421bd63eaf5,Marlon Brando,marlon-brando,$2b$10$wqYMQBu3rgLPS6CVhEOxTeXoN6LeAMg8alFj1NOjiwZhUjFV4/VBO
310f5b93-8ca6-4c00-94f1-e64269263209,Mother Teresa,mother-teresa,$2b$10$wqYMQBu3rgLPS6CVhEOxTeXoN6LeAMg8alFj1NOjiwZhUjFV4/VBO
db709a23-cf6d-4a52-a3c6-53907ec81649,Coco Chanel,coco-chanel,$2b$10$wqYMQBu3rgLPS6CVhEOxTeXoN6LeAMg8alFj1NOjiwZhUjFV4/VBO
3ee83bad-5b77-4723-88ea-6a68f7da1fd1,Elvis Presley,elvis-presley,$2b$10$wqYMQBu3rgLPS6CVhEOxTeXoN6LeAMg8alFj1NOjiwZhUjFV4/VBO
6ab9ca45-16c1-4ed4-9071-56fd42b7a028,Charles Darwin,charles-darwin,$2b$10$wqYMQBu3rgLPS6CVhEOxTeXoN6LeAMg8alFj1NOjiwZhUjFV4/VBO
8f8d3418-0505-4244-a2e2-cf1dda3199e9,Alan Turing,alan-turing,$2b$10$wqYMQBu3rgLPS6CVhEOxTeXoN6LeAMg8alFj1NOjiwZhUjFV4/VBO
4d69209e-6a25-40fa-82d5-a30e65d0a95f,Nikola Tesla,nikola-tesla,$2b$10$wqYMQBu3rgLPS6CVhEOxTeXoN6LeAMg8alFj1NOjiwZhUjFV4/VBO
85b4aae4-2732-4535-9719-de910a5871a3,J.K. Rowling,jk-rowling,$2b$10$wqYMQBu3rgLPS6CVhEOxTeXoN6LeAMg8alFj1NOjiwZhUjFV4/VBO
26f81a96-d9cd-40a8-9e3a-dd05fe456496,Stephen Hawking,stephen-hawking,$2b$10$wqYMQBu3rgLPS6CVhEOxTeXoN6LeAMg8alFj1NOjiwZhUjFV4/VBO
f0a75412-e165-4499-8407-4bf9c5c969a2,Martha Graham,martha-graham,$2b$10$wqYMQBu3rgLPS6CVhEOxTeXoN6LeAMg8alFj1NOjiwZhUjFV4/VBO
411b41d0-4ed5-4755-ba07-bccd62abd184,Mahatma Gandhi,mahatma-gandhi,$2b$10$wqYMQBu3rgLPS6CVhEOxTeXoN6LeAMg8alFj1NOjiwZhUjFV4/VBO
76376d2c-20df-4b00-8341-4b314e8bf7bd,Cesar,cesar,$2b$10$wqYMQBu3rgLPS6CVhEOxTeXoN6LeAMg8alFj1NOjiwZhUjFV4/VBO
